SNP,Chr,Pos,P.value,MAF,effect,nobs,H&B.P.Value,Phenotype_Variance_Explained(%)
SARAHY.BAILEYII.GNM1.CHR04_4837198,4,4837198,6.08419736560585e-09,0.0543478260869565,0.40059291253604,184,6.69261710216644e-06,19.257137833162
SARAHY.BAILEYII.GNM1.CHR06_6745923,6,6745923,1.64479403976484e-07,0.0760869565217391,-0.310499601928182,184,9.04636721870664e-05,7.47575037638471
SARAHY.BAILEYII.GNM1.CHR06_111896294,6,111896294,1.99036804551748e-06,0.0516304347826086,-0.271653024488218,184,0.000875761940027692,3.51067083020842
SARAHY.BAILEYII.GNM1.CHR12_3709432,12,3709432,1.62278178422826e-07,0.0597826086956522,0.629147654560825,184,9.04636721870664e-05,12.3014777181464
SARAHY.BAILEYII.GNM1.CHR19_124103,19,124103,2.27789293943206e-14,0.491847826086957,0.257902958091591,184,5.01136446675054e-11,5.01595536349433
