SNP,Chr,Pos,P.value,MAF,nobs,H&B.P.Value,Effect,Phenotype_Variance_Explained(%)
SARAHY.BAILEYII.GNM1.CHR04_4235095,4,4235095,9.11194169849677e-08,184,-17.1003050142485,0.0597826086956522,NA,6.65456090196749
SARAHY.BAILEYII.GNM1.CHR04_4837198,4,4837198,1.11337384158044e-11,184,23.5085391101081,0.0543478260869565,NA,12.260027238263
SARAHY.BAILEYII.GNM1.CHR05_5807574,5,5807574,1.73546850642761e-07,184,32.0178528646127,0.0407608695652174,NA,11.9078877784772
SARAHY.BAILEYII.GNM1.CHR05_6858549,5,6858549,3.07393241984359e-06,184,-8.8040803884835,0.220108695652174,NA,4.00603813399274
SARAHY.BAILEYII.GNM1.CHR05_114953590,5,114953590,2.18771868439133e-11,184,-20.163272316916,0.247282608695652,NA,3.72969878438488
SARAHY.BAILEYII.GNM1.CHR11_65016652,11,65016652,2.16567537270686e-09,184,-21.088957388546,0.0516304347826086,NA,10.511610990129
SARAHY.BAILEYII.GNM1.CHR12_3709432,12,3709432,1.48105469336786e-08,184,32.6020895069887,0.0597826086956522,NA,12.699271200404
