SNP,Chr,Pos,P.value,maf,nobs,effect,Phenotype_Variance_Explained(%)
SARAHY.BAILEYII.GNM1.CHR12_3709432,12,3709432,1.69864404827761e-08,0.0597826086956522,184,66.689363455,41.6162575034446
