SNP,Chr,Pos,P.value,MAF,effect,nobs,H&B.P.Value,Phenotype_Variance_Explained(%)
SARAHY.BAILEYII.GNM1.CHR04_4235095,4,4235095,8.04410205730519e-07,0.0597826086956522,-17.2923924250063,184,0.000353940490521428,6.5172703736985
SARAHY.BAILEYII.GNM1.CHR04_4837198,4,4837198,4.06167567062796e-11,0.0543478260869565,24.8186315727735,184,4.46784323769075e-08,11.7717666300656
SARAHY.BAILEYII.GNM1.CHR05_5807574,5,5807574,2.37276860424889e-06,0.0407608695652174,29.5067644470046,184,0.000870015154891259,11.5676766554171
SARAHY.BAILEYII.GNM1.CHR05_6858549,5,6858549,1.24200858900851e-05,0.220108695652174,-8.12642867825016,184,0.00390345556545532,3.72702528128168
SARAHY.BAILEYII.GNM1.CHR05_114953590,5,114953590,2.67183260427948e-11,0.247282608695652,-19.2613690574963,184,4.46784323769075e-08,3.47103713157022
SARAHY.BAILEYII.GNM1.CHR11_75314959,11,75314959,3.43719824917257e-08,0.0543478260869565,-18.8026310530914,184,1.89045903704491e-05,15.3169733032912
SARAHY.BAILEYII.GNM1.CHR12_3709432,12,3709432,1.0647803150107e-10,0.0597826086956522,38.4019418878202,184,7.80838897674517e-08,12.080540356128
