SNP,Chromosome,Position,P.value,MAF,nobs,H&B.P.Value,Effect,Phenotype_Variance_Explained(%)
SARAHY.BAILEYII.GNM1.CHR02_5780652,2,5780652,8.51442094533054e-06,184,0.296685734110561,0.116847826086957,NA,10.3786317165735
SARAHY.BAILEYII.GNM1.CHR04_4837198,4,4837198,9.16842437204275e-10,184,0.464039195495701,0.0543478260869565,NA,20.906887704263
SARAHY.BAILEYII.GNM1.CHR06_6745923,6,6745923,2.60429489813495e-07,184,-0.303367988363071,0.0760869565217391,NA,8.17755078259468
SARAHY.BAILEYII.GNM1.CHR19_124103,19,124103,3.57746560352148e-10,184,0.213837787187785,0.491847826086957,NA,5.84957353411148
