SNP,Chr,Pos,P.value,maf,nobs,effect,Phenotype_Variance_Explained(%)
SARAHY.BAILEYII.GNM1.CHR12_3709432,12,3709432,4.06082181945828e-07,0.0597826086956522,184,1.17138367009187,36.6668230628091
SARAHY.BAILEYII.GNM1.CHR19_659227,19,659227,6.56025943179257e-06,0.483695652173913,184,0.277979904098603,12.1350487491262
