SNP,Chromosome,Position,P.value,MAF,nobs,H&B.P.Value,Effect,Phenotype_Variance_Explained(%)
SARAHY.BAILEYII.GNM1.CHR02_103974516,2,103974516,2.27073175063544e-06,81,-0.546531929754629,0.345679012345679,NA,12.6858879825594
SARAHY.BAILEYII.GNM1.CHR08_43997335,8,43997335,6.03410535996383e-07,81,0.413475875811777,0.191358024691358,NA,17.0379624058434
SARAHY.BAILEYII.GNM1.CHR16_144644210,16,144644210,6.52826492022524e-12,81,0.506375443136208,0.419753086419753,NA,14.6453651049841
