,SNP,Chr,Pos,P.value,MAF,traits
X3633,SARAHY.BAILEYII.GNM1.CHR15_27844207,15, 27844207,1.590180e-07,0.24074074,FarmCPU.mean_pod_width
X3934,SARAHY.BAILEYII.GNM1.CHR16_144644210,16,144644210,9.299756e-10,0.41975309,FarmCPU.mean_pod_width
X4484,SARAHY.BAILEYII.GNM1.CHR20_139978918,20,139978918,8.048610e-06,0.07407407,FarmCPU.mean_pod_width
X1085,SARAHY.BAILEYII.GNM1.CHR05_5674599, 5,  5674599,2.602304e-07,0.0617284,FarmCPU.mean_pod_area
X1641,SARAHY.BAILEYII.GNM1.CHR06_15809674, 6, 15809674,2.827772e-06,0.1296296,FarmCPU.mean_pod_area
X3633.1,SARAHY.BAILEYII.GNM1.CHR15_27844207,15, 27844207,1.097350e-06,0.2407407,FarmCPU.mean_pod_area
X3934.1,SARAHY.BAILEYII.GNM1.CHR16_144644210,16,144644210,8.633093e-09,0.4197531,FarmCPU.mean_pod_area
X353,SARAHY.BAILEYII.GNM1.CHR02_103974516, 2,103974516,2.270732e-06,81,BLINK.mean_pod_width
X2120,SARAHY.BAILEYII.GNM1.CHR08_43997335, 8, 43997335,6.034105e-07,81,BLINK.mean_pod_width
X3934.2,SARAHY.BAILEYII.GNM1.CHR16_144644210,16,144644210,6.528265e-12,81,BLINK.mean_pod_width
X2120.1,SARAHY.BAILEYII.GNM1.CHR08_43997335, 8, 43997335,5.671637e-07,81,BLINK.mean_pod_area
X3633.2,SARAHY.BAILEYII.GNM1.CHR15_27844207,15, 27844207,5.582284e-09,81,BLINK.mean_pod_area
X3934.3,SARAHY.BAILEYII.GNM1.CHR16_144644210,16,144644210,1.653479e-12,81,BLINK.mean_pod_area
X358,SARAHY.BAILEYII.GNM1.CHR02_104084655, 2,104084655,8.821872e-06,0.08641975,MLMM.mean_pod_width
X1767,SARAHY.BAILEYII.GNM1.CHR06_110766669, 6,110766669,5.889586e-13,0.22839506,MLMM.mean_pod_width
X2120.2,SARAHY.BAILEYII.GNM1.CHR08_43997335, 8, 43997335,5.376424e-06,0.19135802,MLMM.mean_pod_width
X3708,SARAHY.BAILEYII.GNM1.CHR15_115225902,15,115225902,6.052475e-07,0.25925926,MLMM.mean_pod_width
