SNP,Chr,Pos,P.value,MAF,nobs,H&B.P.Value,effect,Phenotype_Variance_Explained(%)
SARAHY.BAILEYII.GNM1.CHR15_27844207,15,27844207,1.59017983361121e-07,0.240740740740741,81,0.000358028989537564,0.474201552595773,7.27354690904533
SARAHY.BAILEYII.GNM1.CHR16_144644210,16,144644210,9.2997562833481e-10,0.419753086419753,81,4.18768025439165e-06,0.442518022035768,12.420663256113
SARAHY.BAILEYII.GNM1.CHR20_139978918,20,139978918,8.04860990205182e-06,0.0740740740740741,81,0.0120809634629798,-0.435745533012906,17.0906590318043
