SNP,Chr,Pos,P.value,MAF,effect,nobs,H&B.P.Value,Phenotype_Variance_Explained(%)
SARAHY.BAILEYII.GNM1.CHR05_5674599,5,5674599,2.60230414533479e-07,0.0617283950617284,50.3964595982306,81,0.000585908778322128,50.5847015576239
SARAHY.BAILEYII.GNM1.CHR06_15809674,6,15809674,2.82777190271342e-06,0.12962962962963,21.8626641849495,81,0.00318336421947963,7.67989568015885
SARAHY.BAILEYII.GNM1.CHR15_27844207,15,27844207,1.0973501927954e-06,0.240740740740741,21.2679077868097,81,0.00164712263938589,8.36520500572018
SARAHY.BAILEYII.GNM1.CHR16_144644210,16,144644210,8.63309277210501e-09,0.419753086419753,18.2757568321868,81,3.88748167527888e-05,5.05722916921586
