SNP,Chromosome,Position,P.value,MAF,nobs,H&B.P.Value,Effect,Phenotype_Variance_Explained(%)
SARAHY.BAILEYII.GNM1.CHR08_43997335,8,43997335,5.67163748814225e-07,81,17.779683869884,0.191358024691358,NA,14.7683672978834
SARAHY.BAILEYII.GNM1.CHR15_27844207,15,27844207,5.5822844640416e-09,81,26.8857536231934,0.240740740740741,NA,13.6041111748042
SARAHY.BAILEYII.GNM1.CHR16_144644210,16,144644210,1.65347885394109e-12,81,23.2776244924007,0.419753086419753,NA,10.6907255276953
