SNP,Chr,Pos,P.value,maf,nobs,effect,Phenotype_Variance_Explained(%)
SARAHY.BAILEYII.GNM1.CHR02_104084655,2,104084655,8.82187193556896e-06,0.0864197530864198,81,-0.761163515487359,12.4038590357755
SARAHY.BAILEYII.GNM1.CHR06_110766669,6,110766669,5.88958559943103e-13,0.228395061728395,81,1.02301470756308,17.0606659888261
SARAHY.BAILEYII.GNM1.CHR08_43997335,8,43997335,5.37642444630586e-06,0.191358024691358,81,0.41075038120059,7.83744174140934
SARAHY.BAILEYII.GNM1.CHR15_115225902,15,115225902,6.05247480968993e-07,0.259259259259259,81,0.789924159662429,15.4518097718828
