SNP,Chr,Pos,P.value,MAF,nobs,H&B.P.Value,Effect,Phenotype_Variance_Explained(%)
SARAHY.BAILEYII.GNM1.CHR02_5617272,2,5617272,1.62467615127226e-08,265,30.0373745236577,0.162264150943396,NA,5.48013974615779
SARAHY.BAILEYII.GNM1.CHR05_109233991,5,109233991,7.7915780538332e-14,265,24.4435139892324,0.213207547169811,NA,14.9906322805736
SARAHY.BAILEYII.GNM1.CHR06_117257139,6,117257139,1.75384625769584e-06,265,37.52428960078,0.0358490566037736,NA,5.75072979657778
SARAHY.BAILEYII.GNM1.CHR16_146184027,16,146184027,2.90321502004752e-07,265,18.1434749898581,0.120754716981132,NA,15.9437077590638
SARAHY.BAILEYII.GNM1.CHR19_124103,19,124103,3.55907458610306e-09,265,10.7119903934894,0.371698113207547,NA,3.78439552159721
