SNP,Chr,Pos,P.value,MAF,effect,nobs,H&B.P.Value,Phenotype_Variance_Explained(%)
SARAHY.BAILEYII.GNM1.CHR02_5617272,2,5617272,1.43821596024478e-07,0.162264150943396,0.540950502711741,265,0.000150269597579576,2.32556432333125
SARAHY.BAILEYII.GNM1.CHR02_11376738,2,11376738,5.00524204633285e-08,0.207547169811321,0.327535830590769,265,6.27557247769213e-05,4.24463040504657
SARAHY.BAILEYII.GNM1.CHR04_113597560,4,113597560,5.66815942308353e-06,0.150943396226415,-0.180851827124429,265,0.00444171142791383,1.3781255219849
SARAHY.BAILEYII.GNM1.CHR13_8856195,13,8856195,8.12984072468732e-09,0.0132075471698113,0.789653838710542,265,1.27414928757662e-05,16.7678183943755
SARAHY.BAILEYII.GNM1.CHR15_103677393,15,103677393,5.31010134604361e-06,0.00943396226415094,-0.648555290196711,265,0.00444171142791383,10.4970144907592
SARAHY.BAILEYII.GNM1.CHR15_115225902,15,115225902,2.20557210082124e-09,0.0849056603773585,0.67506978949682,265,9.0951208178869e-06,9.75783205857491
SARAHY.BAILEYII.GNM1.CHR16_142180144,16,142180144,4.35242661567406e-09,0.158490566037736,0.383766153066048,265,9.0951208178869e-06,8.43254768583189
SARAHY.BAILEYII.GNM1.CHR19_124103,19,124103,3.69346274914113e-09,0.371698113207547,0.198014464666562,265,9.0951208178869e-06,1.97103340947053
