SNP,Chr,Pos,P.value,maf,nobs,effect,Phenotype_Variance_Explained(%)
SARAHY.BAILEYII.GNM1.CHR06_110766669,6,110766669,5.22155279039204e-07,0.0754716981132075,265,0.962169897098903,25.373285756487
SARAHY.BAILEYII.GNM1.CHR12_3709432,12,3709432,6.88387331733003e-06,0.171698113207547,265,1.01373137599245,7.88145378444358
SARAHY.BAILEYII.GNM1.CHR19_659227,19,659227,7.63138905517941e-06,0.362264150943396,265,0.26102326371506,7.64600881566377
