SNP,Chr,Pos,P.value,MAF,effect,nobs,H&B.P.Value,Phenotype_Variance_Explained(%)
SARAHY.BAILEYII.GNM1.CHR02_5617272,2,5617272,2.44792194597858e-09,0.162264150943396,34.3299398747744,265,5.11534089311324e-06,7.23562429622755
SARAHY.BAILEYII.GNM1.CHR05_109233991,5,109233991,3.67559018754669e-12,0.213207547169811,22.2237271747096,265,2.30422748857302e-08,13.278617244417
SARAHY.BAILEYII.GNM1.CHR11_136278391,11,136278391,7.10127850638091e-06,0.0264150943396226,-19.9239650268968,265,0.00890358299130038,8.6948796365648
SARAHY.BAILEYII.GNM1.CHR16_146184027,16,146184027,5.68343039679654e-10,0.120754716981132,20.2202904308707,265,1.78147125787588e-06,13.3425047395118
SARAHY.BAILEYII.GNM1.CHR19_124103,19,124103,4.01070169213027e-06,0.371698113207547,8.30428842366382,265,0.00628577222699116,3.58720800408173
